District,Category,Year,Total Enrollment,#Grade 9,#Grade 10,#Grade 11,#Grade 12,#Female,%Female,#Male,%Male,#Asian,%Asian,#Black,%Black,#Hispanic,%Hispanic,#Other,%Other,#White,%White,#ELL Spanish,%ELL Spanish,#ELL Chinese,%ELL Chinese,#ELL Bengali,%ELL Bengali,#ELL Arabic,%ELL Arabic,#ELL Haitian Creole,%ELL Haitian Creole,#ELL French,%ELL French,#ELL Russian,%ELL Russian,#ELL Korean,%ELL Korean,#ELL Urdu,%ELL Urdu,#ELL Other,%ELL Other,ELA #Test Takers,ELA #Level 1,ELA %Level 1,ELA #Level 2,ELA %Level 2,ELA #Level 3,ELA %Level 3,ELA #Level 4,ELA %Level 4,ELA #L3+L4,ELA %L3+L4,Math #Test Takers,Math #Level 1,Math %Level 1,Math #Level 2,Math %Level 2,Math #Level 3,Math %Level 3,Math #Level 4,Math %Level 4,Math #L3+L4,Math %L3+L4
1,All Students,2017-18,3340,729,959,905,747,1668,49.90%,1672,50.10%,879,26.30%,643,19.30%,1223,36.60%,71,2.10%,524,15.70%,,,,,,,,,,,,,,,,,,,,,550,51,9.30%,161,29.30%,190,34.50%,148,26.90%,338,61.50%,414,129,31.20%,133,32.10%,87,21.00%,65,15.70%,152,36.70%
1,English Language Learners,2017-18,501,35,214,188,64,204,40.70%,297,59.30%,302,60.30%,19,3.80%,173,34.50%,s,s,s,s,179,35.70%,269,53.70%,16,3.20%,6,1.20%,s,s,s,s,s,s,s,s,s,s,16,3.20%,30,18,60.00%,12,40.00%,s,s,s,s,s,s,32,21,65.60%,9,28.10%,s,s,s,s,s,s
1,Enrolled over the Counter,2017-18,566,72,270,137,87,277,48.90%,289,51.10%,124,21.90%,149,26.30%,262,46.30%,11,1.90%,20,3.50%,,,,,,,,,,,,,,,,,,,,,12,s,s,s,s,s,s,s,s,s,s,11,s,s,s,s,s,s,s,s,s,s
1,Receive free or reduced price lunch,2017-18,2256,476,655,620,505,1128,50.00%,1128,50.00%,656,29.10%,486,21.50%,972,43.10%,31,1.40%,111,4.90%,,,,,,,,,,,,,,,,,,,,,371,44,11.90%,126,34.00%,129,34.80%,72,19.40%,201,54.20%,304,105,34.50%,104,34.20%,55,18.10%,40,13.20%,95,31.30%
1,Students in temporary housing,2017-18,294,69,96,74,55,152,51.70%,142,48.30%,106,36.10%,67,22.80%,107,36.40%,s,s,s,s,,,,,,,,,,,,,,,,,,,,,51,s,s,24,47.10%,13,25.50%,s,s,s,s,47,22,46.80%,15,31.90%,s,s,s,s,s,s
1,Students with Disabilities,2017-18,476,167,123,108,78,163,34.20%,313,65.80%,50,10.50%,126,26.50%,259,54.40%,8,1.70%,33,6.90%,,,,,,,,,,,,,,,,,,,,,117,33,28.20%,53,45.30%,s,s,s,s,s,s,100,62,62.00%,35,35.00%,s,s,s,s,s,s
2,All Students,2017-18,35650,9515,9609,8353,8173,19363,54.30%,16278,45.70%,6248,17.50%,7558,21.20%,16048,45.00%,1220,3.40%,4576,12.80%,,,,,,,,,,,,,,,,,,,,,6982,943,13.50%,2226,31.90%,2253,32.30%,1560,22.30%,3813,54.60%,5579,1935,34.70%,2048,36.70%,945,16.90%,651,11.70%,1596,28.60%
2,English Language Learners,2017-18,3301,1088,1132,752,329,1421,43.00%,1880,57.00%,540,16.40%,420,12.70%,2144,65.00%,24,0.70%,173,5.20%,2147,65.00%,331,10.00%,97,2.90%,161,4.90%,65,2.00%,206,6.20%,27,0.80%,s,s,s,s,252,7.60%,467,321,68.70%,146,31.30%,s,s,s,s,s,s,536,344,64.20%,148,27.60%,33,6.20%,11,2.10%,44,8.20%
2,Enrolled over the Counter,2017-18,2707,764,792,590,561,1350,49.90%,1357,50.10%,234,8.60%,821,30.30%,1275,47.10%,55,2.00%,322,11.90%,,,,,,,,,,,,,,,,,,,,,100,26,26.00%,38,38.00%,27,27.00%,9,9.00%,36,36.00%,92,52,56.50%,27,29.30%,s,s,s,s,s,s
2,Receive free or reduced price lunch,2017-18,24774,6664,6773,5800,5537,13649,55.10%,11121,44.90%,4236,17.10%,5679,22.90%,12961,52.30%,561,2.30%,1337,5.40%,,,,,,,,,,,,,,,,,,,,,4919,809,16.40%,1779,36.20%,1540,31.30%,791,16.10%,2331,47.40%,4179,1610,38.50%,1551,37.10%,657,15.70%,361,8.60%,1018,24.40%
2,Students in temporary housing,2017-18,2863,888,797,629,549,1492,52.10%,1371,47.90%,403,14.10%,762,26.60%,1509,52.70%,44,1.50%,145,5.10%,,,,,,,,,,,,,,,,,,,,,561,145,25.80%,221,39.40%,141,25.10%,54,9.60%,195,34.80%,531,242,45.60%,182,34.30%,76,14.30%,31,5.80%,107,20.20%
2,Students with Disabilities,2017-18,5857,1872,1627,1224,1134,2466,42.10%,3391,57.90%,317,5.40%,1579,27.00%,3155,53.90%,167,2.90%,639,10.90%,,,,,,,,,,,,,,,,,,,,,1278,473,37.00%,571,44.70%,195,15.30%,39,3.10%,234,18.30%,1130,756,66.90%,307,27.20%,53,4.70%,14,1.20%,67,5.90%
3,All Students,2017-18,8918,2353,2370,2234,1961,5344,59.90%,3564,40.00%,929,10.40%,1943,21.80%,3224,36.20%,479,5.40%,2343,26.30%,,,,,,,,,,,,,,,,,,,,,1825,149,8.20%,396,21.70%,633,34.70%,647,35.50%,1280,70.10%,1287,312,24.20%,427,33.20%,350,27.20%,198,15.40%,548,42.60%
3,English Language Learners,2017-18,383,115,123,94,51,143,37.30%,240,62.70%,27,7.00%,64,16.70%,272,71.00%,s,s,s,s,269,70.20%,8,2.10%,13,3.40%,24,6.30%,s,s,34,8.90%,s,s,s,s,s,s,28,7.30%,66,43,65.20%,23,34.80%,s,s,s,s,s,s,65,43,66.20%,20,30.80%,s,s,s,s,s,s
3,Enrolled over the Counter,2017-18,679,109,261,210,99,327,48.20%,352,51.80%,17,2.50%,254,37.40%,354,52.10%,6,0.90%,48,7.10%,,,,,,,,,,,,,,,,,,,,,32,9,28.10%,13,40.60%,s,s,s,s,s,s,25,17,68.00%,s,s,s,s,s,s,s,s
3,Receive free or reduced price lunch,2017-18,4835,1216,1320,1244,1055,2722,56.30%,2113,43.70%,505,10.40%,1373,28.40%,2439,50.40%,126,2.60%,392,8.10%,,,,,,,,,,,,,,,,,,,,,969,121,12.50%,313,32.30%,302,31.20%,233,24.00%,535,55.20%,785,258,32.90%,264,33.60%,175,22.30%,88,11.20%,263,33.50%
3,Students in temporary housing,2017-18,558,165,160,143,90,302,54.10%,256,45.90%,22,3.90%,232,41.60%,279,50.00%,s,s,s,s,,,,,,,,,,,,,,,,,,,,,122,22,18.00%,52,42.60%,25,20.50%,23,18.90%,48,39.30%,108,49,45.40%,37,34.30%,s,s,s,s,s,s
3,Students with Disabilities,2017-18,1200,342,357,296,205,449,37.40%,751,62.60%,46,3.80%,354,29.50%,589,49.10%,30,2.50%,181,15.10%,,,,,,,,,,,,,,,,,,,,,240,73,30.40%,95,39.60%,57,23.70%,15,6.30%,72,30.00%,212,118,55.70%,66,31.10%,s,s,s,s,s,s
4,All Students,2017-18,3709,966,1012,856,875,2049,55.20%,1657,44.70%,445,12.00%,796,21.50%,2219,59.80%,95,2.60%,154,4.20%,,,,,,,,,,,,,,,,,,,,,827,104,12.60%,206,24.90%,314,38.00%,203,24.50%,517,62.50%,663,191,28.80%,190,28.70%,182,27.50%,100,15.10%,282,42.50%
4,English Language Learners,2017-18,297,94,120,54,29,130,43.80%,167,56.20%,9,3.00%,10,3.40%,270,90.90%,s,s,s,s,272,91.60%,s,s,s,s,10,3.40%,s,s,s,s,s,s,s,s,s,s,7,2.40%,62,42,67.70%,20,32.30%,s,s,s,s,s,s,72,42,58.30%,25,34.70%,s,s,s,s,s,s
4,Enrolled over the Counter,2017-18,229,81,78,49,21,109,47.60%,120,52.40%,s,s,70,30.60%,116,50.70%,s,s,21,9.20%,,,,,,,,,,,,,,,,,,,,,38,s,s,12,31.60%,17,44.70%,s,s,s,s,30,17,56.70%,8,26.70%,s,s,s,s,s,s
4,Receive free or reduced price lunch,2017-18,3148,818,872,722,736,1748,55.50%,1399,44.40%,377,12.00%,653,20.70%,1944,61.80%,64,2.00%,110,3.50%,,,,,,,,,,,,,,,,,,,,,713,98,13.70%,179,25.10%,271,38.00%,165,23.10%,436,61.20%,584,175,30.00%,166,28.40%,150,25.70%,93,15.90%,243,41.60%
4,Students in temporary housing,2017-18,319,100,85,71,63,153,48.00%,166,52.00%,26,8.20%,66,20.70%,206,64.60%,s,s,s,s,,,,,,,,,,,,,,,,,,,,,77,16,20.80%,25,32.50%,24,31.20%,12,15.60%,36,46.80%,70,27,38.60%,21,30.00%,12,17.10%,10,14.30%,22,31.40%
4,Students with Disabilities,2017-18,623,189,189,134,111,239,38.40%,384,61.60%,13,2.10%,163,26.20%,419,67.30%,8,1.30%,20,3.20%,,,,,,,,,,,,,,,,,,,,,156,60,38.50%,73,46.80%,s,s,s,s,s,s,141,95,67.40%,37,26.20%,s,s,s,s,s,s
5,All Students,2017-18,3715,1054,1000,802,859,1761,47.40%,1952,52.50%,272,7.30%,1785,48.00%,1246,33.50%,139,3.70%,273,7.30%,,,,,,,,,,,,,,,,,,,,,829,146,17.60%,259,31.20%,252,30.40%,172,20.70%,424,51.10%,599,286,47.70%,184,30.70%,78,13.00%,51,8.50%,129,21.50%
5,English Language Learners,2017-18,213,75,63,42,33,89,41.80%,124,58.20%,17,8.00%,47,22.10%,141,66.20%,s,s,s,s,142,66.70%,s,s,6,2.80%,22,10.30%,s,s,20,9.40%,s,s,s,s,s,s,21,9.90%,40,25,62.50%,15,37.50%,s,s,s,s,s,s,44,34,77.30%,8,18.20%,s,s,s,s,s,s
5,Enrolled over the Counter,2017-18,283,77,74,77,55,138,48.80%,145,51.20%,s,s,152,53.70%,103,36.40%,s,s,14,4.90%,,,,,,,,,,,,,,,,,,,,,15,6,40.00%,6,40.00%,s,s,s,s,s,s,15,12,80.00%,s,s,s,s,s,s,s,s
5,Receive free or reduced price lunch,2017-18,2679,753,711,585,630,1318,49.20%,1361,50.80%,170,6.30%,1350,50.40%,1040,38.80%,47,1.80%,72,2.70%,,,,,,,,,,,,,,,,,,,,,578,124,21.50%,204,35.30%,159,27.50%,91,15.70%,250,43.30%,461,234,50.80%,146,31.70%,52,11.30%,29,6.30%,81,17.60%
5,Students in temporary housing,2017-18,331,97,88,67,79,166,50.20%,165,49.80%,s,s,175,52.90%,124,37.50%,s,s,17,5.10%,,,,,,,,,,,,,,,,,,,,,70,23,32.90%,24,34.30%,17,24.30%,6,8.60%,23,32.90%,64,38,59.40%,23,35.90%,s,s,s,s,s,s
5,Students with Disabilities,2017-18,638,224,210,96,108,207,32.40%,431,67.60%,9,1.40%,361,56.60%,229,35.90%,14,2.20%,25,3.90%,,,,,,,,,,,,,,,,,,,,,148,81,54.70%,47,31.80%,s,s,s,s,s,s,122,97,79.50%,19,15.60%,s,s,s,s,s,s
6,All Students,2017-18,5718,1694,1391,1197,1436,2753,48.10%,2964,51.80%,105,1.80%,774,13.50%,4683,81.90%,72,1.30%,84,1.50%,,,,,,,,,,,,,,,,,,,,,1177,318,27.00%,447,38.00%,335,28.50%,77,6.50%,412,35.00%,1094,558,51.00%,401,36.70%,111,10.10%,24,2.20%,135,12.30%
6,English Language Learners,2017-18,1705,502,467,361,375,768,45.00%,937,55.00%,12,0.70%,46,2.70%,1620,95.00%,9,0.50%,18,1.10%,1624,95.20%,s,s,s,s,30,1.80%,s,s,14,0.80%,s,s,s,s,s,s,29,1.70%,252,186,73.80%,66,26.20%,s,s,s,s,s,s,314,230,73.20%,76,24.20%,s,s,s,s,s,s
6,Enrolled over the Counter,2017-18,636,194,172,98,172,314,49.40%,322,50.60%,s,s,45,7.10%,573,90.10%,9,1.40%,s,s,,,,,,,,,,,,,,,,,,,,,57,22,38.60%,20,35.10%,9,15.80%,6,10.50%,15,26.30%,56,30,53.60%,16,28.60%,s,s,s,s,s,s
6,Receive free or reduced price lunch,2017-18,5075,1493,1243,1062,1277,2450,48.30%,2624,51.70%,93,1.80%,648,12.80%,4208,82.90%,62,1.20%,64,1.30%,,,,,,,,,,,,,,,,,,,,,1044,291,27.90%,407,39.00%,286,27.40%,60,5.70%,346,33.10%,981,513,52.30%,348,35.50%,99,10.10%,21,2.10%,120,12.20%
6,Students in temporary housing,2017-18,996,305,277,220,194,517,51.90%,479,48.10%,s,s,103,10.30%,873,87.70%,8,0.80%,s,s,,,,,,,,,,,,,,,,,,,,,155,67,43.20%,53,34.20%,s,s,s,s,s,s,167,107,64.10%,43,25.70%,s,s,s,s,s,s
6,Students with Disabilities,2017-18,929,353,213,141,222,292,31.40%,637,68.60%,s,s,153,16.50%,751,80.80%,s,s,s,s,,,,,,,,,,,,,,,,,,,,,233,120,51.50%,96,41.20%,s,s,s,s,s,s,218,174,79.80%,42,19.30%,s,s,s,s,s,s
7,All Students,2017-18,7191,1963,1979,1616,1633,3275,45.50%,3916,54.50%,109,1.50%,1986,27.60%,4910,68.30%,82,1.10%,104,1.40%,,,,,,,,,,,,,,,,,,,,,1325,402,30.30%,510,38.50%,344,26.00%,69,5.20%,413,31.20%,1231,696,56.50%,360,29.20%,138,11.20%,37,3.00%,175,14.20%
7,English Language Learners,2017-18,1163,381,370,267,145,428,36.80%,735,63.20%,24,2.10%,123,10.60%,984,84.60%,11,0.90%,21,1.80%,986,84.80%,s,s,13,1.10%,39,3.40%,s,s,41,3.50%,s,s,s,s,s,s,84,7.20%,194,149,76.80%,44,22.70%,s,s,s,s,s,s,198,163,82.30%,29,14.60%,s,s,s,s,s,s
7,Enrolled over the Counter,2017-18,945,273,296,177,199,447,47.30%,498,52.70%,15,1.60%,324,34.30%,569,60.20%,15,1.60%,22,2.30%,,,,,,,,,,,,,,,,,,,,,65,25,38.50%,25,38.50%,s,s,s,s,s,s,64,39,60.90%,18,28.10%,s,s,s,s,s,s
7,Receive free or reduced price lunch,2017-18,6368,1779,1776,1420,1393,2909,45.70%,3459,54.30%,89,1.40%,1692,26.60%,4429,69.60%,69,1.10%,89,1.40%,,,,,,,,,,,,,,,,,,,,,1209,371,30.70%,462,38.20%,318,26.30%,58,4.80%,376,31.10%,1133,644,56.80%,328,28.90%,127,11.20%,34,3.00%,161,14.20%
7,Students in temporary housing,2017-18,915,301,269,185,160,432,47.20%,483,52.80%,15,1.60%,265,29.00%,615,67.20%,7,0.80%,13,1.40%,,,,,,,,,,,,,,,,,,,,,173,76,43.90%,58,33.50%,33,19.10%,6,3.50%,39,22.50%,166,120,72.30%,36,21.70%,s,s,s,s,s,s
7,Students with Disabilities,2017-18,1703,566,483,321,333,572,33.60%,1131,66.40%,10,0.60%,504,29.60%,1151,67.60%,15,0.90%,23,1.40%,,,,,,,,,,,,,,,,,,,,,350,207,59.10%,105,30.00%,s,s,s,s,s,s,332,262,78.90%,66,19.90%,s,s,s,s,s,s
8,All Students,2017-18,7650,2035,1946,1794,1875,3635,47.50%,4015,52.50%,443,5.80%,2055,26.90%,4605,60.20%,139,1.80%,408,5.30%,,,,,,,,,,,,,,,,,,,,,1375,380,27.60%,570,41.50%,351,25.50%,74,5.40%,425,30.90%,1325,771,58.20%,453,34.20%,92,6.90%,9,0.70%,101,7.60%
8,English Language Learners,2017-18,1193,332,382,267,212,517,43.30%,676,56.70%,151,12.70%,73,6.10%,849,71.20%,19,1.60%,101,8.50%,853,71.50%,s,s,119,10.00%,133,11.10%,s,s,18,1.50%,s,s,s,s,s,s,64,5.40%,157,119,75.80%,38,24.20%,s,s,s,s,s,s,192,159,82.80%,32,16.70%,s,s,s,s,s,s
8,Enrolled over the Counter,2017-18,1128,296,341,217,274,579,51.30%,549,48.70%,61,5.40%,326,28.90%,652,57.80%,14,1.20%,75,6.60%,,,,,,,,,,,,,,,,,,,,,86,22,25.60%,37,43.00%,21,24.40%,6,7.00%,27,31.40%,83,47,56.60%,32,38.60%,s,s,s,s,s,s
8,Receive free or reduced price lunch,2017-18,6206,1695,1607,1421,1483,3011,48.50%,3195,51.50%,385,6.20%,1624,26.20%,3805,61.30%,100,1.60%,292,4.70%,,,,,,,,,,,,,,,,,,,,,1148,337,29.40%,467,40.70%,281,24.50%,63,5.50%,344,30.00%,1112,656,59.00%,369,33.20%,78,7.00%,9,0.80%,87,7.80%
8,Students in temporary housing,2017-18,934,297,237,200,200,481,51.50%,453,48.50%,71,7.60%,288,30.80%,545,58.40%,10,1.10%,20,2.10%,,,,,,,,,,,,,,,,,,,,,189,73,38.60%,73,38.60%,37,19.60%,6,3.20%,43,22.80%,183,117,63.90%,55,30.10%,s,s,s,s,s,s
8,Students with Disabilities,2017-18,1838,545,509,385,399,658,35.80%,1180,64.20%,25,1.40%,514,28.00%,1207,65.70%,25,1.40%,67,3.60%,,,,,,,,,,,,,,,,,,,,,366,204,55.70%,134,36.60%,s,s,s,s,s,s,355,294,82.80%,59,16.60%,s,s,s,s,s,s
9,All Students,2017-18,8258,2425,2208,1839,1786,4179,50.60%,4079,49.40%,176,2.10%,2252,27.30%,5629,68.20%,87,1.10%,114,1.40%,,,,,,,,,,,,,,,,,,,,,1696,472,27.80%,709,41.80%,411,24.20%,104,6.10%,515,30.40%,1640,890,54.30%,532,32.40%,185,11.30%,33,2.00%,218,13.30%
9,English Language Learners,2017-18,1985,615,606,457,307,920,46.30%,1065,53.70%,47,2.40%,193,9.70%,1702,85.70%,9,0.50%,34,1.70%,1708,86.00%,s,s,38,1.90%,52,2.60%,s,s,86,4.30%,s,s,s,s,s,s,98,4.90%,285,209,73.30%,75,26.30%,s,s,s,s,s,s,376,285,75.80%,82,21.80%,s,s,s,s,s,s
9,Enrolled over the Counter,2017-18,784,313,256,140,75,373,47.60%,411,52.40%,s,s,227,29.00%,525,67.00%,s,s,20,2.60%,,,,,,,,,,,,,,,,,,,,,51,21,41.20%,20,39.20%,s,s,s,s,s,s,51,33,64.70%,14,27.50%,s,s,s,s,s,s
9,Receive free or reduced price lunch,2017-18,7278,2147,1963,1617,1551,3729,51.20%,3549,48.80%,146,2.00%,1892,26.00%,5077,69.80%,66,0.90%,97,1.30%,,,,,,,,,,,,,,,,,,,,,1529,435,28.40%,645,42.20%,361,23.60%,88,5.80%,449,29.40%,1487,814,54.70%,487,32.80%,159,10.70%,27,1.80%,186,12.50%
9,Students in temporary housing,2017-18,1316,465,357,259,235,682,51.80%,634,48.20%,22,1.70%,332,25.20%,928,70.50%,11,0.80%,23,1.70%,,,,,,,,,,,,,,,,,,,,,248,82,33.10%,103,41.50%,49,19.80%,14,5.60%,63,25.40%,279,177,63.40%,72,25.80%,24,8.60%,6,2.20%,30,10.80%
9,Students with Disabilities,2017-18,1819,615,516,338,350,685,37.70%,1134,62.30%,13,0.70%,533,29.30%,1241,68.20%,13,0.70%,19,1.00%,,,,,,,,,,,,,,,,,,,,,447,236,52.80%,171,38.30%,s,s,s,s,s,s,422,326,77.30%,82,19.40%,s,s,s,s,s,s
10,All Students,2017-18,16107,4595,4267,3617,3628,7667,47.60%,8437,52.40%,2552,15.80%,2834,17.60%,8921,55.40%,353,2.20%,1447,9.00%,,,,,,,,,,,,,,,,,,,,,3300,690,20.90%,1014,30.70%,871,26.40%,725,22.00%,1596,48.40%,2556,1226,48.00%,794,31.10%,255,10.00%,281,11.00%,536,21.00%
10,English Language Learners,2017-18,2891,950,858,607,476,1294,44.80%,1597,55.20%,104,3.60%,144,5.00%,2552,88.30%,12,0.40%,79,2.70%,2549,88.20%,s,s,75,2.60%,107,3.70%,s,s,61,2.10%,s,s,s,s,6,0.20%,85,2.90%,426,315,73.90%,111,26.10%,s,s,s,s,s,s,492,383,77.80%,99,20.10%,s,s,s,s,s,s
10,Enrolled over the Counter,2017-18,1443,487,363,280,313,697,48.30%,746,51.70%,38,2.60%,267,18.50%,1026,71.10%,50,3.50%,62,4.30%,,,,,,,,,,,,,,,,,,,,,57,s,s,22,38.60%,17,29.80%,s,s,s,s,61,34,55.70%,21,34.40%,s,s,s,s,s,s
10,Receive free or reduced price lunch,2017-18,12145,3572,3228,2667,2678,5875,48.40%,6269,51.60%,1569,12.90%,2235,18.40%,7691,63.30%,220,1.80%,430,3.50%,,,,,,,,,,,,,,,,,,,,,2519,630,25.00%,866,34.40%,642,25.50%,381,15.10%,1023,40.60%,2132,1092,51.20%,677,31.80%,190,8.90%,173,8.10%,363,17.00%
10,Students in temporary housing,2017-18,1775,602,507,366,300,919,51.80%,856,48.20%,96,5.40%,320,18.00%,1301,73.30%,20,1.10%,38,2.10%,,,,,,,,,,,,,,,,,,,,,314,120,38.20%,115,36.60%,62,19.70%,17,5.40%,79,25.20%,319,203,63.60%,91,28.50%,15,4.70%,10,3.10%,25,7.80%
10,Students with Disabilities,2017-18,2595,907,720,492,476,930,35.80%,1665,64.20%,36,1.40%,585,22.50%,1843,71.00%,35,1.30%,96,3.70%,,,,,,,,,,,,,,,,,,,,,622,338,54.30%,228,36.70%,48,7.70%,8,1.30%,56,9.00%,552,438,79.30%,102,18.50%,s,s,s,s,s,s
11,All Students,2017-18,8981,2725,2369,1931,1956,3963,44.10%,5017,55.90%,497,5.50%,3490,38.90%,4300,47.90%,184,2.00%,510,5.70%,,,,,,,,,,,,,,,,,,,,,1760,492,28.00%,741,42.10%,429,24.40%,98,5.60%,527,29.90%,1714,967,56.40%,586,34.20%,142,8.30%,19,1.10%,161,9.40%
11,English Language Learners,2017-18,1266,471,407,258,130,520,41.10%,746,58.90%,124,9.80%,94,7.40%,899,71.00%,18,1.40%,131,10.30%,898,70.90%,s,s,56,4.40%,165,13.00%,s,s,33,2.60%,s,s,s,s,17,1.30%,91,7.20%,198,145,73.20%,52,26.30%,s,s,s,s,s,s,261,202,77.40%,54,20.70%,s,s,s,s,s,s
11,Enrolled over the Counter,2017-18,971,353,271,198,149,461,47.50%,509,52.40%,40,4.10%,448,46.10%,406,41.80%,12,1.20%,65,6.70%,,,,,,,,,,,,,,,,,,,,,69,22,31.90%,27,39.10%,s,s,s,s,s,s,66,43,65.20%,14,21.20%,s,s,s,s,s,s
11,Receive free or reduced price lunch,2017-18,6915,2223,1818,1452,1422,3078,44.50%,3837,55.50%,395,5.70%,2422,35.00%,3603,52.10%,125,1.80%,370,5.40%,,,,,,,,,,,,,,,,,,,,,1427,422,29.60%,591,41.40%,338,23.70%,76,5.30%,414,29.00%,1396,799,57.20%,465,33.30%,118,8.50%,14,1.00%,132,9.50%
11,Students in temporary housing,2017-18,922,355,240,177,150,428,46.40%,494,53.60%,43,4.70%,346,37.50%,490,53.10%,15,1.60%,28,3.00%,,,,,,,,,,,,,,,,,,,,,205,83,40.50%,87,42.40%,26,12.70%,9,4.40%,35,17.10%,212,140,66.00%,59,27.80%,s,s,s,s,s,s
11,Students with Disabilities,2017-18,2053,770,591,407,285,644,31.40%,1409,68.60%,38,1.90%,763,37.20%,1146,55.80%,20,1.00%,86,4.20%,,,,,,,,,,,,,,,,,,,,,463,251,54.20%,181,39.10%,s,s,s,s,s,s,444,359,80.90%,80,18.00%,s,s,s,s,s,s
12,All Students,2017-18,6162,1508,1691,1508,1455,2933,47.60%,3229,52.40%,132,2.10%,1601,26.00%,4264,69.20%,68,1.10%,97,1.60%,,,,,,,,,,,,,,,,,,,,,1010,324,32.10%,420,41.60%,227,22.50%,39,3.90%,266,26.30%,930,607,65.30%,275,29.60%,40,4.30%,8,0.90%,48,5.20%
12,English Language Learners,2017-18,1464,356,472,418,218,672,45.90%,792,54.10%,46,3.10%,85,5.80%,1297,88.60%,8,0.50%,28,1.90%,1302,88.90%,s,s,36,2.50%,45,3.10%,s,s,29,2.00%,s,s,s,s,s,s,50,3.40%,144,114,79.20%,30,20.80%,s,s,s,s,s,s,177,146,82.50%,30,16.90%,s,s,s,s,s,s
12,Enrolled over the Counter,2017-18,956,239,353,202,162,475,49.70%,481,50.30%,s,s,288,30.10%,628,65.70%,s,s,23,2.40%,,,,,,,,,,,,,,,,,,,,,41,12,29.30%,22,53.70%,s,s,s,s,s,s,43,33,76.70%,7,16.30%,s,s,s,s,s,s
12,Receive free or reduced price lunch,2017-18,5497,1367,1529,1343,1258,2644,48.10%,2853,51.90%,121,2.20%,1377,25.10%,3859,70.20%,58,1.10%,82,1.50%,,,,,,,,,,,,,,,,,,,,,929,302,32.50%,388,41.80%,206,22.20%,33,3.60%,239,25.70%,861,563,65.40%,257,29.80%,33,3.80%,8,0.90%,41,4.80%
12,Students in temporary housing,2017-18,870,267,232,199,172,441,50.70%,429,49.30%,20,2.30%,247,28.40%,583,67.00%,7,0.80%,13,1.50%,,,,,,,,,,,,,,,,,,,,,168,67,39.90%,66,39.30%,29,17.30%,6,3.60%,35,20.80%,172,129,75.00%,35,20.30%,s,s,s,s,s,s
12,Students with Disabilities,2017-18,1400,397,399,302,302,525,37.50%,875,62.50%,13,0.90%,418,29.90%,942,67.30%,9,0.60%,18,1.30%,,,,,,,,,,,,,,,,,,,,,270,159,58.90%,87,32.20%,s,s,s,s,s,s,261,214,82.00%,46,17.60%,s,s,s,s,s,s
13,All Students,2017-18,11715,3051,3152,2762,2750,5190,44.30%,6523,55.70%,3889,33.20%,4454,38.00%,1594,13.60%,237,2.00%,1541,13.20%,,,,,,,,,,,,,,,,,,,,,2622,242,9.20%,528,20.10%,809,30.90%,1043,39.80%,1852,70.60%,1965,481,24.50%,429,21.80%,360,18.30%,695,35.40%,1055,53.70%
13,English Language Learners,2017-18,433,130,117,113,73,185,42.70%,248,57.30%,83,19.20%,90,20.80%,197,45.50%,s,s,s,s,198,45.70%,16,3.70%,46,10.60%,68,15.70%,34,7.90%,22,5.10%,s,s,s,s,11,2.50%,37,8.50%,71,50,70.40%,21,29.60%,s,s,s,s,s,s,90,65,72.20%,17,18.90%,s,s,s,s,s,s
13,Enrolled over the Counter,2017-18,729,178,224,128,199,355,48.70%,373,51.20%,37,5.10%,492,67.50%,168,23.00%,s,s,s,s,,,,,,,,,,,,,,,,,,,,,72,21,29.20%,32,44.40%,s,s,s,s,s,s,66,35,53.00%,25,37.90%,s,s,s,s,s,s
13,Receive free or reduced price lunch,2017-18,8164,2069,2246,1928,1921,3804,46.60%,4359,53.40%,2931,35.90%,3306,40.50%,1273,15.60%,134,1.60%,520,6.40%,,,,,,,,,,,,,,,,,,,,,1813,217,12.00%,418,23.10%,542,29.90%,636,35.10%,1178,65.00%,1449,412,28.40%,336,23.20%,252,17.40%,449,31.00%,701,48.40%
13,Students in temporary housing,2017-18,570,181,159,131,99,267,46.80%,303,53.20%,124,21.80%,308,54.00%,108,18.90%,7,1.20%,23,4.00%,,,,,,,,,,,,,,,,,,,,,145,38,26.20%,29,20.00%,43,29.70%,35,24.10%,78,53.80%,132,58,43.90%,30,22.70%,15,11.40%,29,22.00%,44,33.30%
13,Students with Disabilities,2017-18,1121,352,321,237,211,384,34.30%,737,65.70%,41,3.70%,764,68.20%,252,22.50%,22,2.00%,42,3.70%,,,,,,,,,,,,,,,,,,,,,278,127,45.70%,108,38.80%,36,12.90%,7,2.50%,43,15.50%,256,182,71.10%,56,21.90%,s,s,s,s,s,s
14,All Students,2017-18,6404,1596,1654,1469,1685,2750,42.90%,3653,57.00%,478,7.50%,1892,29.50%,3555,55.50%,166,2.60%,313,4.90%,,,,,,,,,,,,,,,,,,,,,1318,293,22.20%,527,40.00%,358,27.20%,140,10.60%,498,37.80%,1190,590,49.60%,401,33.70%,132,11.10%,67,5.60%,199,16.70%
14,English Language Learners,2017-18,721,180,236,185,120,302,41.90%,419,58.10%,s,s,24,3.30%,634,87.90%,s,s,36,5.00%,641,88.90%,s,s,7,1.00%,35,4.90%,6,0.80%,6,0.80%,s,s,s,s,s,s,19,2.60%,106,81,76.40%,25,23.60%,s,s,s,s,s,s,127,85,66.90%,40,31.50%,s,s,s,s,s,s
14,Enrolled over the Counter,2017-18,510,165,147,72,126,251,49.20%,259,50.80%,s,s,151,29.60%,320,62.70%,s,s,25,4.90%,,,,,,,,,,,,,,,,,,,,,73,20,27.40%,35,47.90%,s,s,s,s,s,s,66,41,62.10%,21,31.80%,s,s,s,s,s,s
14,Receive free or reduced price lunch,2017-18,5225,1334,1385,1188,1318,2291,43.80%,2933,56.10%,356,6.80%,1501,28.70%,3081,59.00%,93,1.80%,194,3.70%,,,,,,,,,,,,,,,,,,,,,1092,272,24.90%,448,41.00%,279,25.50%,93,8.50%,372,34.10%,1001,514,51.30%,336,33.60%,104,10.40%,47,4.70%,151,15.10%
14,Students in temporary housing,2017-18,530,157,169,92,112,250,47.20%,280,52.80%,19,3.60%,182,34.30%,313,59.10%,7,1.30%,9,1.70%,,,,,,,,,,,,,,,,,,,,,109,32,29.40%,52,47.70%,s,s,s,s,s,s,102,61,59.80%,34,33.30%,s,s,s,s,s,s
14,Students with Disabilities,2017-18,1232,360,320,258,294,380,30.80%,852,69.20%,12,1.00%,406,33.00%,748,60.70%,13,1.10%,53,4.30%,,,,,,,,,,,,,,,,,,,,,276,141,51.10%,117,42.40%,s,s,s,s,s,s,268,223,83.20%,42,15.70%,s,s,s,s,s,s
15,All Students,2017-18,6177,1665,1746,1442,1324,3274,53.00%,2902,47.00%,367,5.90%,2491,40.30%,2466,39.90%,196,3.20%,657,10.60%,,,,,,,,,,,,,,,,,,,,,1213,214,17.60%,437,36.00%,401,33.10%,161,13.30%,562,46.30%,1054,434,41.20%,426,40.40%,147,13.90%,47,4.50%,194,18.40%
15,English Language Learners,2017-18,571,196,181,126,68,223,39.10%,348,60.90%,80,14.00%,s,s,346,60.60%,s,s,92,16.10%,348,60.90%,26,4.60%,10,1.80%,142,24.90%,15,2.60%,7,1.20%,s,s,s,s,7,1.20%,14,2.50%,99,74,74.70%,25,25.30%,s,s,s,s,s,s,123,96,78.00%,23,18.70%,s,s,s,s,s,s
15,Enrolled over the Counter,2017-18,578,166,230,130,52,270,46.70%,308,53.30%,33,5.70%,196,33.90%,259,44.80%,8,1.40%,82,14.20%,,,,,,,,,,,,,,,,,,,,,60,s,s,18,30.00%,23,38.30%,s,s,s,s,50,22,44.00%,21,42.00%,s,s,s,s,s,s
15,Receive free or reduced price lunch,2017-18,4678,1267,1317,1071,1023,2479,53.00%,2199,47.00%,328,7.00%,1851,39.60%,2044,43.70%,109,2.30%,346,7.40%,,,,,,,,,,,,,,,,,,,,,941,189,20.10%,357,37.90%,301,32.00%,94,10.00%,395,42.00%,844,378,44.80%,329,39.00%,105,12.40%,32,3.80%,137,16.20%
15,Students in temporary housing,2017-18,407,143,106,88,70,233,57.20%,174,42.80%,s,s,215,52.80%,147,36.10%,s,s,27,6.60%,,,,,,,,,,,,,,,,,,,,,101,25,24.80%,40,39.60%,29,28.70%,7,6.90%,36,35.60%,94,49,52.10%,31,33.00%,s,s,s,s,s,s
15,Students with Disabilities,2017-18,1320,383,415,271,251,502,38.00%,817,61.90%,29,2.20%,514,38.90%,649,49.20%,28,2.10%,100,7.60%,,,,,,,,,,,,,,,,,,,,,246,115,46.70%,96,39.00%,27,11.00%,8,3.30%,35,14.20%,224,153,68.30%,58,25.90%,s,s,s,s,s,s
16,All Students,2017-18,2064,503,479,461,621,862,41.80%,1202,58.20%,46,2.20%,1562,75.70%,371,18.00%,43,2.10%,42,2.00%,,,,,,,,,,,,,,,,,,,,,283,86,30.40%,136,48.10%,53,18.70%,8,2.80%,61,21.60%,268,161,60.10%,86,32.10%,s,s,s,s,s,s
16,English Language Learners,2017-18,97,43,22,17,15,43,44.30%,54,55.70%,14,14.40%,30,30.90%,41,42.30%,s,s,s,s,42,43.30%,s,s,s,s,20,20.60%,14,14.40%,9,9.30%,s,s,s,s,s,s,7,7.20%,15,8,53.30%,7,46.70%,s,s,s,s,s,s,21,16,76.20%,s,s,s,s,s,s,s,s
16,Enrolled over the Counter,2017-18,504,127,104,88,185,245,48.60%,259,51.40%,8,1.60%,395,78.40%,78,15.50%,8,1.60%,15,3.00%,,,,,,,,,,,,,,,,,,,,,34,9,26.50%,22,64.70%,s,s,s,s,s,s,33,24,72.70%,8,24.20%,s,s,s,s,s,s
16,Receive free or reduced price lunch,2017-18,1730,425,408,382,515,739,42.70%,991,57.30%,41,2.40%,1298,75.00%,330,19.10%,26,1.50%,35,2.00%,,,,,,,,,,,,,,,,,,,,,241,78,32.40%,112,46.50%,s,s,s,s,s,s,231,139,60.20%,74,32.00%,s,s,s,s,s,s
16,Students in temporary housing,2017-18,232,69,50,54,59,104,44.80%,128,55.20%,s,s,178,76.70%,39,16.80%,s,s,7,3.00%,,,,,,,,,,,,,,,,,,,,,33,14,42.40%,15,45.50%,s,s,s,s,s,s,31,22,71.00%,7,22.60%,s,s,s,s,s,s
16,Students with Disabilities,2017-18,554,152,135,129,138,180,32.50%,374,67.50%,6,1.10%,430,77.60%,100,18.10%,9,1.60%,9,1.60%,,,,,,,,,,,,,,,,,,,,,83,46,55.40%,30,36.10%,s,s,s,s,s,s,82,59,72.00%,19,23.20%,s,s,s,s,s,s
17,All Students,2017-18,7709,1960,1989,1821,1939,3951,51.30%,3758,48.70%,238,3.10%,6133,79.60%,989,12.80%,188,2.40%,161,2.10%,,,,,,,,,,,,,,,,,,,,,1483,294,19.80%,528,35.60%,467,31.50%,194,13.10%,661,44.60%,1314,604,46.00%,483,36.80%,180,13.70%,47,3.60%,227,17.30%
17,English Language Learners,2017-18,831,219,276,202,134,350,42.10%,481,57.90%,76,9.10%,387,46.60%,283,34.10%,11,1.30%,74,8.90%,291,35.00%,9,1.10%,26,3.10%,110,13.20%,271,32.60%,33,4.00%,s,s,s,s,13,1.60%,72,8.70%,94,67,71.30%,26,27.70%,s,s,s,s,s,s,137,102,74.50%,31,22.60%,s,s,s,s,s,s
17,Enrolled over the Counter,2017-18,965,315,319,200,131,479,49.60%,486,50.40%,22,2.30%,757,78.40%,142,14.70%,15,1.60%,29,3.00%,,,,,,,,,,,,,,,,,,,,,111,25,22.50%,49,44.10%,29,26.10%,8,7.20%,37,33.30%,102,48,47.10%,37,36.30%,s,s,s,s,s,s
17,Receive free or reduced price lunch,2017-18,6076,1524,1565,1429,1558,3145,51.80%,2931,48.20%,206,3.40%,4795,78.90%,812,13.40%,124,2.00%,139,2.30%,,,,,,,,,,,,,,,,,,,,,1161,255,22.00%,428,36.90%,348,30.00%,130,11.20%,478,41.20%,1049,508,48.40%,377,35.90%,125,11.90%,39,3.70%,164,15.60%
17,Students in temporary housing,2017-18,686,210,185,149,142,383,55.80%,303,44.20%,17,2.50%,529,77.10%,118,17.20%,6,0.90%,16,2.30%,,,,,,,,,,,,,,,,,,,,,142,47,33.10%,47,33.10%,41,28.90%,7,4.90%,48,33.80%,140,77,55.00%,45,32.10%,s,s,s,s,s,s
17,Students with Disabilities,2017-18,1231,355,323,298,255,465,37.80%,766,62.20%,12,1.00%,1008,81.90%,169,13.70%,23,1.90%,19,1.50%,,,,,,,,,,,,,,,,,,,,,246,138,56.10%,88,35.80%,s,s,s,s,s,s,232,177,76.30%,45,19.40%,s,s,s,s,s,s
18,All Students,2017-18,4395,1120,1147,994,1134,1941,44.20%,2454,55.80%,81,1.80%,3594,81.80%,442,10.10%,156,3.50%,122,2.80%,,,,,,,,,,,,,,,,,,,,,665,155,23.30%,306,46.00%,166,25.00%,38,5.70%,204,30.70%,624,343,55.00%,217,34.80%,54,8.70%,10,1.60%,64,10.30%
18,English Language Learners,2017-18,414,110,125,112,67,171,41.30%,243,58.70%,s,s,288,69.60%,53,12.80%,s,s,50,12.10%,52,12.60%,s,s,s,s,74,17.90%,220,53.10%,14,3.40%,s,s,s,s,s,s,46,11.10%,28,19,67.90%,9,32.10%,s,s,s,s,s,s,34,21,61.80%,11,32.40%,s,s,s,s,s,s
18,Enrolled over the Counter,2017-18,948,300,286,181,181,392,41.40%,556,58.60%,17,1.80%,744,78.50%,101,10.70%,51,5.40%,35,3.70%,,,,,,,,,,,,,,,,,,,,,61,15,24.60%,29,47.50%,s,s,s,s,s,s,56,29,51.80%,22,39.30%,s,s,s,s,s,s
18,Receive free or reduced price lunch,2017-18,3477,900,923,756,898,1611,46.30%,1866,53.70%,68,2.00%,2796,80.40%,393,11.30%,115,3.30%,105,3.00%,,,,,,,,,,,,,,,,,,,,,546,130,23.80%,247,45.20%,138,25.30%,31,5.70%,169,31.00%,508,277,54.50%,181,35.60%,42,8.30%,8,1.60%,50,9.80%
18,Students in temporary housing,2017-18,390,116,121,70,83,187,47.90%,203,52.10%,7,1.80%,327,83.80%,36,9.20%,12,3.10%,8,2.10%,,,,,,,,,,,,,,,,,,,,,67,17,25.40%,33,49.30%,s,s,s,s,s,s,65,42,64.60%,15,23.10%,s,s,s,s,s,s
18,Students with Disabilities,2017-18,906,263,243,176,224,283,31.20%,623,68.80%,s,s,740,81.70%,103,11.40%,36,4.00%,s,s,,,,,,,,,,,,,,,,,,,,,147,80,54.40%,59,40.10%,s,s,s,s,s,s,144,118,81.90%,24,16.70%,s,s,s,s,s,s
19,All Students,2017-18,5564,1466,1462,1305,1331,2439,43.80%,3125,56.20%,290,5.20%,2961,53.20%,2074,37.30%,136,2.40%,103,1.90%,,,,,,,,,,,,,,,,,,,,,1018,316,31.00%,419,41.20%,245,24.10%,38,3.70%,283,27.80%,998,558,55.90%,356,35.70%,72,7.20%,12,1.20%,84,8.40%
19,English Language Learners,2017-18,838,243,238,196,161,356,42.50%,482,57.50%,97,11.60%,57,6.80%,634,75.70%,11,1.30%,39,4.70%,645,77.00%,s,s,75,8.90%,62,7.40%,16,1.90%,s,s,s,s,s,s,11,1.30%,26,3.10%,110,91,82.70%,19,17.30%,s,s,s,s,s,s,150,123,82.00%,27,18.00%,s,s,s,s,s,s
19,Enrolled over the Counter,2017-18,971,273,244,232,222,471,48.50%,500,51.50%,76,7.80%,372,38.30%,479,49.30%,16,1.60%,28,2.90%,,,,,,,,,,,,,,,,,,,,,108,40,37.00%,47,43.50%,s,s,s,s,s,s,109,69,63.30%,30,27.50%,s,s,s,s,s,s
19,Receive free or reduced price lunch,2017-18,4642,1252,1224,1071,1095,2083,44.90%,2559,55.10%,242,5.20%,2421,52.20%,1796,38.70%,99,2.10%,84,1.80%,,,,,,,,,,,,,,,,,,,,,876,283,32.30%,360,41.10%,202,23.10%,31,3.50%,233,26.60%,864,491,56.80%,300,34.70%,61,7.10%,12,1.40%,73,8.40%
19,Students in temporary housing,2017-18,605,208,150,143,104,267,44.10%,338,55.90%,22,3.60%,370,61.20%,183,30.20%,20,3.30%,10,1.70%,,,,,,,,,,,,,,,,,,,,,134,42,31.30%,62,46.30%,s,s,s,s,s,s,139,81,58.30%,42,30.20%,s,s,s,s,s,s
19,Students with Disabilities,2017-18,1162,329,292,265,276,373,32.10%,789,67.90%,21,1.80%,720,62.00%,384,33.00%,19,1.60%,18,1.50%,,,,,,,,,,,,,,,,,,,,,217,133,61.30%,76,35.00%,s,s,s,s,s,s,209,170,81.30%,36,17.20%,s,s,s,s,s,s
20,All Students,2017-18,13035,3648,3579,2711,3097,5973,45.80%,7059,54.20%,4304,33.00%,804,6.20%,4296,33.00%,196,1.50%,3435,26.40%,,,,,,,,,,,,,,,,,,,,,2607,473,18.10%,958,36.70%,886,34.00%,290,11.10%,1176,45.10%,2563,687,26.80%,1009,39.40%,614,24.00%,253,9.90%,867,33.80%
20,English Language Learners,2017-18,2605,840,931,461,373,1015,39.00%,1590,61.00%,1350,51.80%,26,1.00%,791,30.40%,17,0.70%,421,16.20%,806,30.90%,1014,38.90%,91,3.50%,260,10.00%,8,0.30%,s,s,94,3.60%,s,s,121,4.60%,204,7.80%,321,250,77.90%,71,22.10%,s,s,s,s,s,s,401,219,54.60%,131,32.70%,40,10.00%,11,2.70%,51,12.70%
20,Enrolled over the Counter,2017-18,1118,452,330,150,186,479,42.80%,639,57.20%,444,39.70%,67,6.00%,335,30.00%,9,0.80%,263,23.50%,,,,,,,,,,,,,,,,,,,,,125,24,19.20%,48,38.40%,40,32.00%,13,10.40%,53,42.40%,127,37,29.10%,48,37.80%,30,23.60%,12,9.40%,42,33.10%
20,Receive free or reduced price lunch,2017-18,9967,2773,2729,2050,2415,4680,47.00%,5286,53.00%,3751,37.60%,567,5.70%,3327,33.40%,96,1.00%,2226,22.30%,,,,,,,,,,,,,,,,,,,,,2001,407,20.30%,765,38.20%,655,32.70%,174,8.70%,829,41.40%,1982,560,28.30%,788,39.80%,449,22.70%,185,9.30%,634,32.00%
20,Students in temporary housing,2017-18,893,225,287,197,184,409,45.80%,484,54.20%,528,59.10%,45,5.00%,217,24.30%,12,1.30%,91,10.20%,,,,,,,,,,,,,,,,,,,,,91,29,31.90%,40,44.00%,s,s,s,s,s,s,97,33,34.00%,43,44.30%,14,14.40%,7,7.20%,21,21.60%
20,Students with Disabilities,2017-18,2054,678,575,377,424,756,36.80%,1298,63.20%,275,13.40%,194,9.40%,1122,54.60%,19,0.90%,444,21.60%,,,,,,,,,,,,,,,,,,,,,464,210,45.30%,189,40.70%,55,11.90%,10,2.20%,65,14.00%,446,285,63.90%,130,29.10%,s,s,s,s,s,s
21,All Students,2017-18,11859,3347,3281,2520,2711,5614,47.30%,6239,52.60%,2566,21.60%,3374,28.50%,2815,23.70%,296,2.50%,2808,23.70%,,,,,,,,,,,,,,,,,,,,,2311,421,18.20%,873,37.80%,777,33.60%,240,10.40%,1017,44.00%,2149,743,34.60%,852,39.60%,398,18.50%,156,7.30%,554,25.80%
21,English Language Learners,2017-18,1767,521,634,354,258,673,38.10%,1094,61.90%,706,40.00%,97,5.50%,459,26.00%,17,1.00%,488,27.60%,461,26.10%,420,23.80%,33,1.90%,152,8.60%,48,2.70%,s,s,224,12.70%,s,s,172,9.70%,247,14.00%,218,163,74.80%,55,25.20%,s,s,s,s,s,s,299,147,49.20%,96,32.10%,35,11.70%,21,7.00%,56,18.70%
21,Enrolled over the Counter,2017-18,970,322,311,195,142,426,43.90%,543,56.00%,172,17.70%,249,25.70%,244,25.20%,7,0.70%,298,30.70%,,,,,,,,,,,,,,,,,,,,,68,s,s,32,47.10%,20,29.40%,s,s,s,s,60,23,38.30%,25,41.70%,s,s,s,s,s,s
21,Receive free or reduced price lunch,2017-18,8987,2607,2493,1864,2023,4226,47.00%,4757,52.90%,2231,24.80%,2535,28.20%,2305,25.60%,169,1.90%,1747,19.40%,,,,,,,,,,,,,,,,,,,,,1830,365,19.90%,723,39.50%,599,32.70%,143,7.80%,742,40.50%,1740,628,36.10%,677,38.90%,306,17.60%,129,7.40%,435,25.00%
21,Students in temporary housing,2017-18,957,268,282,183,224,454,47.40%,503,52.60%,218,22.80%,333,34.80%,251,26.20%,18,1.90%,137,14.30%,,,,,,,,,,,,,,,,,,,,,148,43,29.10%,57,38.50%,42,28.40%,6,4.10%,48,32.40%,144,73,50.70%,47,32.60%,17,11.80%,7,4.90%,24,16.70%
21,Students with Disabilities,2017-18,2085,696,604,404,381,749,35.90%,1336,64.10%,182,8.70%,753,36.10%,714,34.20%,40,1.90%,396,19.00%,,,,,,,,,,,,,,,,,,,,,403,155,38.50%,169,41.90%,67,16.60%,12,3.00%,79,19.60%,369,243,65.90%,112,30.40%,s,s,s,s,s,s
22,All Students,2017-18,9980,2815,2737,2293,2135,5096,51.10%,4881,48.90%,2551,25.60%,2450,24.50%,1472,14.70%,207,2.10%,3300,33.10%,,,,,,,,,,,,,,,,,,,,,2294,261,11.40%,564,24.60%,790,34.40%,679,29.60%,1469,64.00%,2060,472,22.90%,628,30.50%,518,25.10%,442,21.50%,960,46.60%
22,English Language Learners,2017-18,754,266,256,148,84,307,40.70%,447,59.30%,247,32.80%,s,s,128,17.00%,s,s,310,41.10%,127,16.80%,105,13.90%,10,1.30%,66,8.80%,33,4.40%,s,s,174,23.10%,s,s,79,10.50%,154,20.40%,126,94,74.60%,32,25.40%,s,s,s,s,s,s,166,99,59.60%,51,30.70%,s,s,s,s,s,s
22,Enrolled over the Counter,2017-18,459,166,159,82,52,209,45.50%,250,54.50%,s,s,101,22.00%,93,20.30%,s,s,187,40.70%,,,,,,,,,,,,,,,,,,,,,40,10,25.00%,10,25.00%,14,35.00%,6,15.00%,20,50.00%,38,12,31.60%,16,42.10%,s,s,s,s,s,s
22,Receive free or reduced price lunch,2017-18,7261,2123,2003,1654,1481,3770,51.90%,3489,48.10%,2185,30.10%,1764,24.30%,1237,17.00%,108,1.50%,1967,27.10%,,,,,,,,,,,,,,,,,,,,,1738,227,13.10%,468,26.90%,576,33.10%,467,26.90%,1043,60.00%,1574,393,25.00%,500,31.80%,377,24.00%,304,19.30%,681,43.30%
22,Students in temporary housing,2017-18,611,211,151,123,126,333,54.50%,278,45.50%,176,28.80%,205,33.60%,s,s,s,s,127,20.80%,,,,,,,,,,,,,,,,,,,,,166,26,15.70%,63,38.00%,43,25.90%,34,20.50%,77,46.40%,147,47,32.00%,49,33.30%,26,17.70%,25,17.00%,51,34.70%
22,Students with Disabilities,2017-18,1335,478,392,261,204,440,33.00%,895,67.00%,173,13.00%,500,37.50%,339,25.40%,16,1.20%,307,23.00%,,,,,,,,,,,,,,,,,,,,,372,143,38.40%,172,46.20%,48,12.90%,9,2.40%,57,15.30%,352,216,61.40%,111,31.50%,s,s,s,s,s,s
23,All Students,2017-18,1652,352,436,394,470,595,36.00%,1057,64.00%,18,1.10%,1366,82.70%,231,14.00%,20,1.20%,17,1.00%,,,,,,,,,,,,,,,,,,,,,165,53,32.10%,72,43.60%,34,20.60%,6,3.60%,40,24.20%,95,52,54.70%,35,36.80%,s,s,s,s,s,s
23,English Language Learners,2017-18,62,15,22,11,14,25,40.30%,37,59.70%,s,s,18,29.00%,36,58.10%,s,s,s,s,37,59.70%,s,s,s,s,6,9.70%,s,s,8,12.90%,s,s,s,s,s,s,6,9.70%,6,6,100.00%,s,s,s,s,s,s,s,s,7,s,s,s,s,s,s,s,s,s,s
23,Enrolled over the Counter,2017-18,509,146,161,110,92,231,45.40%,278,54.60%,s,s,410,80.60%,86,16.90%,s,s,7,1.40%,,,,,,,,,,,,,,,,,,,,,27,9,33.30%,15,55.60%,s,s,s,s,s,s,28,18,64.30%,9,32.10%,s,s,s,s,s,s
23,Receive free or reduced price lunch,2017-18,1456,299,386,356,415,552,37.90%,904,62.10%,17,1.20%,1190,81.70%,215,14.80%,17,1.20%,17,1.20%,,,,,,,,,,,,,,,,,,,,,135,47,34.80%,57,42.20%,s,s,s,s,s,s,79,44,55.70%,30,38.00%,s,s,s,s,s,s
23,Students in temporary housing,2017-18,245,58,64,58,65,115,46.90%,130,53.10%,s,s,194,79.20%,46,18.80%,s,s,s,s,,,,,,,,,,,,,,,,,,,,,23,11,47.80%,7,30.40%,s,s,s,s,s,s,15,11,73.30%,s,s,s,s,s,s,s,s
23,Students with Disabilities,2017-18,458,114,138,87,119,144,31.40%,314,68.60%,s,s,361,78.80%,84,18.30%,7,1.50%,s,s,,,,,,,,,,,,,,,,,,,,,51,30,58.80%,16,31.40%,s,s,s,s,s,s,35,29,82.90%,s,s,s,s,s,s,s,s
24,All Students,2017-18,14301,4090,3542,3173,3496,6128,42.90%,8171,57.10%,2792,19.50%,785,5.50%,8541,59.70%,381,2.70%,1802,12.60%,,,,,,,,,,,,,,,,,,,,,2904,507,17.50%,872,30.00%,1049,36.10%,476,16.40%,1525,52.50%,2551,774,30.30%,952,37.30%,576,22.60%,249,9.80%,825,32.30%
24,English Language Learners,2017-18,2082,675,595,516,296,864,41.50%,1218,58.50%,341,16.40%,30,1.40%,1553,74.60%,10,0.50%,148,7.10%,1564,75.10%,76,3.70%,123,5.90%,100,4.80%,s,s,s,s,9,0.40%,s,s,21,1.00%,174,8.40%,310,252,81.30%,58,18.70%,s,s,s,s,s,s,397,290,73.00%,87,21.90%,s,s,s,s,s,s
24,Enrolled over the Counter,2017-18,1061,509,223,149,180,471,44.40%,590,55.60%,199,18.80%,71,6.70%,667,62.90%,11,1.00%,113,10.70%,,,,,,,,,,,,,,,,,,,,,114,31,27.20%,33,28.90%,39,34.20%,11,9.60%,50,43.90%,116,44,37.90%,48,41.40%,17,14.70%,7,6.00%,24,20.70%
24,Receive free or reduced price lunch,2017-18,10365,3019,2598,2295,2453,4538,43.80%,5826,56.20%,2026,19.50%,517,5.00%,6671,64.40%,193,1.90%,958,9.20%,,,,,,,,,,,,,,,,,,,,,2165,416,19.20%,702,32.40%,749,34.60%,298,13.80%,1047,48.40%,1958,635,32.40%,731,37.30%,417,21.30%,175,8.90%,592,30.20%
24,Students in temporary housing,2017-18,760,255,195,160,150,342,45.00%,418,55.00%,149,19.60%,64,8.40%,493,64.90%,6,0.80%,48,6.30%,,,,,,,,,,,,,,,,,,,,,136,54,39.70%,44,32.40%,26,19.10%,12,8.80%,38,27.90%,143,64,44.80%,47,32.90%,22,15.40%,10,7.00%,32,22.40%
24,Students with Disabilities,2017-18,1953,723,509,379,342,590,30.20%,1362,69.70%,125,6.40%,138,7.10%,1423,72.90%,32,1.60%,235,12.00%,,,,,,,,,,,,,,,,,,,,,493,237,48.10%,188,38.10%,62,12.60%,6,1.20%,68,13.80%,469,320,68.20%,125,26.70%,s,s,s,s,s,s
25,All Students,2017-18,10473,2960,2705,2490,2318,5291,50.50%,5182,49.50%,3311,31.60%,1696,16.20%,4229,40.40%,288,2.70%,949,9.10%,,,,,,,,,,,,,,,,,,,,,2046,334,16.30%,733,35.80%,604,29.50%,375,18.30%,979,47.80%,1623,552,34.00%,649,40.00%,272,16.80%,150,9.20%,422,26.00%
25,English Language Learners,2017-18,1673,509,489,451,224,685,40.90%,988,59.10%,697,41.70%,37,2.20%,882,52.70%,8,0.50%,49,2.90%,887,53.00%,527,31.50%,54,3.20%,28,1.70%,s,s,15,0.90%,s,s,s,s,35,2.10%,107,6.40%,206,159,77.20%,47,22.80%,s,s,s,s,s,s,279,162,58.10%,74,26.50%,26,9.30%,17,6.10%,43,15.40%
25,Enrolled over the Counter,2017-18,1076,292,316,199,269,468,43.50%,608,56.50%,258,24.00%,218,20.30%,504,46.80%,7,0.70%,89,8.30%,,,,,,,,,,,,,,,,,,,,,60,s,s,25,41.70%,16,26.70%,s,s,s,s,56,20,35.70%,25,44.60%,s,s,s,s,s,s
25,Receive free or reduced price lunch,2017-18,7578,2148,1896,1807,1727,3873,51.10%,3705,48.90%,2568,33.90%,1108,14.60%,3257,43.00%,164,2.20%,481,6.30%,,,,,,,,,,,,,,,,,,,,,1474,250,17.00%,559,37.90%,438,29.70%,227,15.40%,665,45.10%,1221,425,34.80%,496,40.60%,194,15.90%,106,8.70%,300,24.60%
25,Students in temporary housing,2017-18,533,180,165,107,81,258,48.40%,275,51.60%,148,27.80%,92,17.30%,263,49.30%,7,1.30%,23,4.30%,,,,,,,,,,,,,,,,,,,,,85,20,23.50%,39,45.90%,20,23.50%,6,7.10%,26,30.60%,86,40,46.50%,30,34.90%,s,s,s,s,s,s
25,Students with Disabilities,2017-18,1388,486,356,304,242,485,34.90%,903,65.10%,169,12.20%,310,22.30%,734,52.90%,22,1.60%,153,11.00%,,,,,,,,,,,,,,,,,,,,,288,127,44.10%,124,43.10%,s,s,s,s,s,s,257,170,66.10%,69,26.80%,s,s,s,s,s,s
26,All Students,2017-18,13949,4034,3503,3347,3065,6810,48.80%,7135,51.20%,6112,43.80%,2721,19.50%,2941,21.10%,281,2.00%,1894,13.60%,,,,,,,,,,,,,,,,,,,,,3022,432,14.30%,989,32.70%,1088,36.00%,513,17.00%,1601,53.00%,2293,685,29.90%,847,36.90%,484,21.10%,277,12.10%,761,33.20%
26,English Language Learners,2017-18,1021,407,303,212,99,428,41.90%,593,58.10%,656,64.30%,47,4.60%,278,27.20%,11,1.10%,29,2.80%,283,27.70%,490,48.00%,43,4.20%,10,1.00%,19,1.90%,s,s,s,s,39,3.80%,30,2.90%,94,9.20%,198,140,70.70%,58,29.30%,s,s,s,s,s,s,245,102,41.60%,81,33.10%,42,17.10%,20,8.20%,62,25.30%
26,Enrolled over the Counter,2017-18,634,229,197,149,59,302,47.60%,332,52.40%,266,42.00%,130,20.50%,151,23.80%,13,2.10%,74,11.70%,,,,,,,,,,,,,,,,,,,,,73,s,s,29,39.70%,32,43.80%,s,s,s,s,59,22,37.30%,30,50.80%,s,s,s,s,s,s
26,Receive free or reduced price lunch,2017-18,9748,2815,2419,2320,2194,4829,49.50%,4915,50.40%,4732,48.50%,1724,17.70%,2255,23.10%,174,1.80%,863,8.90%,,,,,,,,,,,,,,,,,,,,,2118,336,15.90%,717,33.90%,751,35.50%,314,14.80%,1065,50.30%,1678,510,30.40%,607,36.20%,353,21.00%,208,12.40%,561,33.40%
26,Students in temporary housing,2017-18,550,226,136,105,83,252,45.80%,298,54.20%,223,40.50%,118,21.50%,164,29.80%,8,1.50%,37,6.70%,,,,,,,,,,,,,,,,,,,,,135,35,25.90%,58,43.00%,34,25.20%,8,5.90%,42,31.10%,125,53,42.40%,42,33.60%,21,16.80%,9,7.20%,30,24.00%
26,Students with Disabilities,2017-18,2065,834,482,444,305,715,34.60%,1350,65.40%,440,21.30%,545,26.40%,704,34.10%,32,1.50%,344,16.70%,,,,,,,,,,,,,,,,,,,,,520,223,42.90%,234,45.00%,57,11.00%,6,1.20%,63,12.10%,478,311,65.10%,144,30.10%,s,s,s,s,s,s
27,All Students,2017-18,10177,3157,2632,2228,2160,4593,45.10%,5584,54.90%,2332,22.90%,2757,27.10%,3631,35.70%,562,5.50%,895,8.80%,,,,,,,,,,,,,,,,,,,,,2022,443,21.90%,768,38.00%,572,28.30%,239,11.80%,811,40.10%,1491,821,55.10%,521,34.90%,128,8.60%,21,1.40%,149,10.00%
27,English Language Learners,2017-18,1264,403,398,277,186,507,40.10%,757,59.90%,306,24.20%,80,6.30%,797,63.10%,31,2.50%,50,4.00%,825,65.30%,s,s,97,7.70%,82,6.50%,9,0.70%,10,0.80%,s,s,s,s,30,2.40%,203,16.10%,145,111,76.60%,33,22.80%,s,s,s,s,s,s,193,167,86.50%,24,12.40%,s,s,s,s,s,s
27,Enrolled over the Counter,2017-18,1404,691,332,294,87,660,47.00%,744,53.00%,312,22.20%,503,35.80%,453,32.30%,39,2.80%,97,6.90%,,,,,,,,,,,,,,,,,,,,,204,58,28.40%,84,41.20%,50,24.50%,12,5.90%,62,30.40%,164,108,65.90%,47,28.70%,s,s,s,s,s,s
27,Receive free or reduced price lunch,2017-18,7436,2341,1912,1553,1630,3500,47.10%,3936,52.90%,1757,23.60%,2057,27.70%,2787,37.50%,378,5.10%,457,6.10%,,,,,,,,,,,,,,,,,,,,,1510,356,23.60%,610,40.40%,403,26.70%,141,9.30%,544,36.00%,1149,646,56.20%,396,34.50%,90,7.80%,17,1.50%,107,9.30%
27,Students in temporary housing,2017-18,581,226,152,87,116,280,48.20%,301,51.80%,141,24.30%,196,33.70%,212,36.50%,20,3.40%,12,2.10%,,,,,,,,,,,,,,,,,,,,,113,34,30.10%,53,46.90%,16,14.20%,10,8.80%,26,23.00%,98,73,74.50%,22,22.40%,s,s,s,s,s,s
27,Students with Disabilities,2017-18,1593,613,434,302,244,514,32.30%,1079,67.70%,200,12.60%,512,32.10%,645,40.50%,67,4.20%,169,10.60%,,,,,,,,,,,,,,,,,,,,,400,198,49.50%,158,39.50%,38,9.50%,6,1.50%,44,11.00%,349,262,75.10%,83,23.80%,s,s,s,s,s,s
28,All Students,2017-18,15003,3996,3884,3624,3499,7507,50.00%,7492,49.90%,4485,29.90%,3444,23.00%,4301,28.70%,755,5.00%,2018,13.50%,,,,,,,,,,,,,,,,,,,,,3145,474,15.10%,1019,32.40%,1074,34.10%,578,18.40%,1652,52.50%,2151,759,35.30%,822,38.20%,397,18.50%,173,8.00%,570,26.50%
28,English Language Learners,2017-18,1215,409,397,269,140,504,41.50%,711,58.50%,340,28.00%,92,7.60%,633,52.10%,27,2.20%,123,10.10%,655,53.90%,39,3.20%,204,16.80%,54,4.40%,30,2.50%,s,s,55,4.50%,s,s,22,1.80%,146,12.00%,198,156,78.80%,42,21.20%,s,s,s,s,s,s,226,169,74.80%,52,23.00%,s,s,s,s,s,s
28,Enrolled over the Counter,2017-18,818,296,259,179,84,401,49.00%,417,51.00%,183,22.40%,241,29.50%,249,30.40%,38,4.60%,107,13.10%,,,,,,,,,,,,,,,,,,,,,116,13,11.20%,47,40.50%,40,34.50%,16,13.80%,56,48.30%,70,19,27.10%,30,42.90%,14,20.00%,7,10.00%,21,30.00%
28,Receive free or reduced price lunch,2017-18,11291,3009,2938,2699,2645,5743,50.90%,5545,49.10%,3531,31.30%,2495,22.10%,3508,31.10%,550,4.90%,1207,10.70%,,,,,,,,,,,,,,,,,,,,,2385,396,16.60%,800,33.50%,802,33.60%,387,16.20%,1189,49.90%,1651,610,36.90%,634,38.40%,288,17.40%,119,7.20%,407,24.70%
28,Students in temporary housing,2017-18,610,229,160,118,103,299,49.00%,311,51.00%,176,28.90%,205,33.60%,172,28.20%,14,2.30%,43,7.00%,,,,,,,,,,,,,,,,,,,,,161,39,24.20%,59,36.60%,49,30.40%,14,8.70%,63,39.10%,135,58,43.00%,55,40.70%,13,9.60%,9,6.70%,22,16.30%
28,Students with Disabilities,2017-18,2052,689,633,393,337,757,36.90%,1295,63.10%,275,13.40%,663,32.30%,803,39.10%,69,3.40%,242,11.80%,,,,,,,,,,,,,,,,,,,,,502,248,49.40%,196,39.00%,51,10.20%,7,1.40%,58,11.60%,412,302,73.30%,98,23.80%,s,s,s,s,s,s
29,All Students,2017-18,4461,1073,1135,1076,1177,2061,46.20%,2400,53.80%,295,6.60%,3428,76.80%,458,10.30%,201,4.50%,79,1.80%,,,,,,,,,,,,,,,,,,,,,787,189,24.00%,357,45.40%,210,26.70%,31,3.90%,241,30.60%,575,308,53.60%,220,38.30%,s,s,s,s,s,s
29,English Language Learners,2017-18,298,86,101,64,47,150,50.30%,148,49.70%,48,16.10%,154,51.70%,76,25.50%,8,2.70%,12,4.00%,79,26.50%,s,s,29,9.70%,30,10.10%,56,18.80%,21,7.00%,s,s,s,s,s,s,76,25.50%,28,18,64.30%,10,35.70%,s,s,s,s,s,s,35,26,74.30%,7,20.00%,s,s,s,s,s,s
29,Enrolled over the Counter,2017-18,681,241,236,135,69,325,47.70%,356,52.30%,42,6.20%,537,78.90%,78,11.50%,11,1.60%,13,1.90%,,,,,,,,,,,,,,,,,,,,,78,27,34.60%,29,37.20%,s,s,s,s,s,s,70,42,60.00%,26,37.10%,s,s,s,s,s,s
29,Receive free or reduced price lunch,2017-18,3289,805,842,744,898,1595,48.50%,1694,51.50%,233,7.10%,2496,75.90%,370,11.20%,125,3.80%,65,2.00%,,,,,,,,,,,,,,,,,,,,,596,154,25.80%,267,44.80%,150,25.20%,25,4.20%,175,29.40%,446,245,54.90%,164,36.80%,s,s,s,s,s,s
29,Students in temporary housing,2017-18,304,93,80,65,66,139,45.70%,165,54.30%,20,6.60%,231,76.00%,42,13.80%,s,s,s,s,,,,,,,,,,,,,,,,,,,,,60,25,41.70%,27,45.00%,s,s,s,s,s,s,58,41,70.70%,14,24.10%,s,s,s,s,s,s
29,Students with Disabilities,2017-18,681,197,174,147,163,205,30.10%,476,69.90%,18,2.60%,563,82.70%,68,10.00%,17,2.50%,15,2.20%,,,,,,,,,,,,,,,,,,,,,135,77,57.00%,49,36.30%,s,s,s,s,s,s,101,83,82.20%,18,17.80%,s,s,s,s,s,s
30,All Students,2017-18,10190,3029,2829,2191,2141,4997,49.00%,5193,51.00%,2179,21.40%,856,8.40%,5271,51.70%,226,2.20%,1658,16.30%,,,,,,,,,,,,,,,,,,,,,2140,308,14.40%,699,32.70%,771,36.00%,362,16.90%,1133,52.90%,1813,604,33.30%,755,41.60%,333,18.40%,121,6.70%,454,25.00%
30,English Language Learners,2017-18,1508,474,543,322,169,613,40.60%,895,59.40%,453,30.00%,10,0.70%,911,60.40%,6,0.40%,128,8.50%,914,60.60%,150,9.90%,159,10.50%,110,7.30%,s,s,s,s,s,s,s,s,28,1.90%,136,9.00%,176,125,71.00%,51,29.00%,s,s,s,s,s,s,218,147,67.40%,65,29.80%,s,s,s,s,s,s
30,Enrolled over the Counter,2017-18,881,351,352,136,42,413,46.90%,468,53.10%,268,30.40%,72,8.20%,398,45.20%,15,1.70%,128,14.50%,,,,,,,,,,,,,,,,,,,,,109,24,22.00%,34,31.20%,39,35.80%,12,11.00%,51,46.80%,95,39,41.10%,45,47.40%,s,s,s,s,s,s
30,Receive free or reduced price lunch,2017-18,7579,2247,2139,1631,1562,3674,48.50%,3905,51.50%,1725,22.80%,605,8.00%,4261,56.20%,113,1.50%,875,11.50%,,,,,,,,,,,,,,,,,,,,,1591,247,15.50%,579,36.40%,546,34.30%,219,13.80%,765,48.10%,1402,501,35.70%,582,41.50%,230,16.40%,89,6.30%,319,22.80%
30,Students in temporary housing,2017-18,610,205,193,107,105,275,45.10%,335,54.90%,171,28.00%,75,12.30%,324,53.10%,s,s,s,s,,,,,,,,,,,,,,,,,,,,,105,26,24.80%,41,39.00%,32,30.50%,6,5.70%,38,36.20%,103,51,49.50%,33,32.00%,s,s,s,s,s,s
30,Students with Disabilities,2017-18,1367,516,373,253,225,500,36.60%,867,63.40%,122,8.90%,207,15.10%,840,61.40%,30,2.20%,168,12.30%,,,,,,,,,,,,,,,,,,,,,335,145,43.30%,141,42.10%,43,12.80%,6,1.80%,49,14.60%,306,198,64.70%,94,30.70%,s,s,s,s,s,s
31,All Students,2017-18,18193,4941,4929,4218,4105,8883,48.80%,9304,51.10%,2050,11.30%,2543,14.00%,4769,26.20%,366,2.00%,8465,46.50%,,,,,,,,,,,,,,,,,,,,,3785,584,15.40%,1227,32.40%,1203,31.80%,771,20.40%,1974,52.20%,3161,1129,35.70%,1150,36.40%,533,16.90%,349,11.00%,882,27.90%
31,English Language Learners,2017-18,668,253,225,131,59,237,35.50%,431,64.50%,103,15.40%,s,s,385,57.60%,s,s,158,23.70%,389,58.20%,39,5.80%,8,1.20%,105,15.70%,s,s,7,1.00%,17,2.50%,s,s,23,3.40%,78,11.70%,118,80,67.80%,38,32.20%,s,s,s,s,s,s,142,96,67.60%,38,26.80%,s,s,s,s,s,s
31,Enrolled over the Counter,2017-18,1224,326,414,265,219,604,49.30%,618,50.50%,115,9.40%,277,22.60%,379,31.00%,13,1.10%,440,35.90%,,,,,,,,,,,,,,,,,,,,,134,35,26.10%,50,37.30%,34,25.40%,15,11.20%,49,36.60%,120,61,50.80%,35,29.20%,16,13.30%,8,6.70%,24,20.00%
31,Receive free or reduced price lunch,2017-18,10071,2790,2810,2265,2206,5016,49.80%,5053,50.20%,1291,12.80%,1886,18.70%,3479,34.50%,169,1.70%,3246,32.20%,,,,,,,,,,,,,,,,,,,,,2069,402,19.40%,775,37.50%,581,28.10%,311,15.00%,892,43.10%,1805,785,43.50%,636,35.20%,239,13.20%,145,8.00%,384,21.30%
31,Students in temporary housing,2017-18,617,190,184,125,118,319,51.70%,298,48.30%,61,9.90%,189,30.60%,204,33.10%,11,1.80%,152,24.60%,,,,,,,,,,,,,,,,,,,,,107,33,30.80%,45,42.10%,s,s,s,s,s,s,97,60,61.90%,27,27.80%,s,s,s,s,s,s
31,Students with Disabilities,2017-18,3732,1167,1028,881,656,1330,35.60%,2401,64.30%,94,2.50%,717,19.20%,1306,35.00%,58,1.60%,1557,41.70%,,,,,,,,,,,,,,,,,,,,,851,388,45.60%,352,41.40%,100,11.80%,11,1.30%,111,13.00%,785,566,72.10%,198,25.20%,s,s,s,s,s,s
32,All Students,2017-18,2399,581,625,582,611,1120,46.70%,1279,53.30%,56,2.30%,476,19.80%,1776,74.00%,23,1.00%,68,2.80%,,,,,,,,,,,,,,,,,,,,,427,132,30.90%,164,38.40%,88,20.60%,43,10.10%,131,30.70%,355,223,62.80%,98,27.60%,26,7.30%,8,2.30%,34,9.60%
32,English Language Learners,2017-18,501,124,153,119,105,210,41.90%,291,58.10%,18,3.60%,s,s,456,91.00%,s,s,15,3.00%,457,91.20%,s,s,s,s,35,7.00%,s,s,s,s,s,s,s,s,s,s,s,s,69,61,88.40%,8,11.60%,s,s,s,s,s,s,84,73,86.90%,10,11.90%,s,s,s,s,s,s
32,Enrolled over the Counter,2017-18,410,126,124,91,69,188,45.90%,222,54.10%,11,2.70%,99,24.10%,291,71.00%,s,s,s,s,,,,,,,,,,,,,,,,,,,,,47,18,38.30%,22,46.80%,s,s,s,s,s,s,47,35,74.50%,8,17.00%,s,s,s,s,s,s
32,Receive free or reduced price lunch,2017-18,2141,524,559,511,547,1010,47.20%,1131,52.80%,54,2.50%,397,18.50%,1615,75.40%,16,0.70%,59,2.80%,,,,,,,,,,,,,,,,,,,,,392,125,31.90%,149,38.00%,79,20.20%,39,9.90%,118,30.10%,330,202,61.20%,95,28.80%,25,7.60%,8,2.40%,33,10.00%
32,Students in temporary housing,2017-18,286,85,76,58,67,138,48.30%,148,51.70%,6,2.10%,68,23.80%,208,72.70%,s,s,s,s,,,,,,,,,,,,,,,,,,,,,52,21,40.40%,23,44.20%,s,s,s,s,s,s,53,37,69.80%,15,28.30%,s,s,s,s,s,s
32,Students with Disabilities,2017-18,538,155,141,133,109,162,30.10%,376,69.90%,s,s,126,23.40%,391,72.70%,s,s,15,2.80%,,,,,,,,,,,,,,,,,,,,,110,65,59.10%,39,35.50%,s,s,s,s,s,s,105,93,88.60%,10,9.50%,s,s,s,s,s,s
